age,p1,p2.5,p5,p50,p75
31.0,257627.04,266748.45,270604.14,286525.07,292920.83
31.08,236498.05,262898.39,269558.77,292717.77,302158.81
31.17,235372.81,256731.53,269049.21,299153.26,310479.37
31.25,233001.72,254926.96,268906.29,305361.64,318674.67
31.33,230474.45,255383.74,268990.06,311348.61,327091.13
31.42,233448.57,255952.98,270871.2,318059.04,335487.85
31.5,237011.83,256664.01,273486.63,324413.07,343217.97
31.58,235871.72,257682.81,274405.08,330713.51,351561.89
31.67,238328.66,258947.62,276358.1,336872.07,359484.28
31.75,241972.82,260432.63,278540.83,343794.07,367768.84
31.83,240916.75,264214.98,280936.49,350151.34,375596.91
31.92,241370.11,265017.51,283799.43,356116.42,383068.25
32.0,244694.18,268024.83,286378.24,362789.5,391752.47
32.08,247941.06,270355.46,288606.31,368895.75,399520.52
32.17,253280.32,272939.78,291521.89,375299.17,407674.45
32.25,251605.58,275948.58,294201.74,381586.14,415962.74
32.33,255396.42,278314.4,297244.35,388046.69,423707.84
32.42,258293.61,282937.58,300570.75,393998.75,431613.94
32.5,259272.58,284334.32,304227.72,400547.52,441045.36
32.58,263748.71,288105.32,308328.28,406810.63,447421.22
32.67,266169.2,290650.25,311958.61,413113.75,455879.66
32.75,269032.85,294530.89,315673.92,420378.09,464516.91
32.83,272337.13,298407.29,319896.76,426778.45,473170.49
32.92,274184.97,300033.22,322421.6,433359.86,480964.5
33.0,276889.1,305062.25,325592.05,439403.68,490401.69
33.08,278208.52,308397.74,329033.51,445635.38,499145.71
33.17,282185.64,311671.57,332035.37,452855.15,507936.31
33.25,288696.62,315943.06,337373.98,460393.32,515938.39
33.33,290904.16,319231.62,340423.81,467202.71,523458.6
33.42,294987.25,322721.26,345533.92,474138.93,532387.92
33.5,295952.65,325093.48,349757.62,480806.82,541020.71
33.58,302131.09,329970.12,352944.19,488018.55,549888.41
33.67,301766.26,331586.2,355473.96,495125.21,558040.93
33.75,303503.79,335242.38,360411.71,502319.14,566534.6
33.83,305547.62,338452.61,364997.87,509470.26,575499.69
33.92,306781.21,339942.25,369071.4,515989.06,584529.61
34.0,312425.1,344771.65,372375.6,522296.94,593128.67
34.08,313502.22,348860.69,376477.65,530334.16,601697.63
34.17,316194.96,352892.25,381470.02,537793.26,610224.76
34.25,320004.3,353809.36,383230.01,543882.5,618726.48
34.33,324365.03,356429.97,386117.93,551412.72,628712.58
34.42,327350.82,359962.0,388297.44,558105.23,637683.63
34.5,327258.79,363709.96,394060.85,566593.83,648246.99
34.58,333679.01,367888.06,398231.92,573913.13,655696.18
34.67,334976.08,370169.23,404503.34,581150.69,665994.13
34.75,338008.12,375299.03,405381.34,588631.55,676214.48
34.83,340884.93,376691.2,409675.45,596872.39,685015.78
34.92,339714.13,379985.27,413470.74,605012.26,694342.32
35.0,343845.21,383809.23,418873.64,612963.81,705246.83
35.08,342765.31,387680.88,421129.27,619237.35,715567.1
35.17,345697.04,390350.43,424615.07,627281.18,724854.5
35.25,348110.49,394215.46,428135.15,634547.54,735297.52
35.33,350885.68,397758.3,430816.66,641803.8,744878.71
35.42,354626.91,402009.19,433413.34,649726.4,754839.63
35.5,359087.2,403349.54,439836.81,656494.51,764880.84
35.58,362771.21,406026.22,444099.05,664623.69,772856.48
35.67,364285.63,409973.24,447485.36,670763.37,783956.01
35.75,367559.2,412992.03,451975.07,679746.37,793758.03
35.83,374381.87,417030.01,457244.58,686597.23,803836.17
35.92,376295.11,417561.38,461841.53,695196.68,813610.71
36.0,375237.63,424353.44,464866.18,701321.23,821514.94
36.08,378344.8,426899.89,466906.67,709753.04,831940.21
36.17,383008.31,431571.54,470869.49,717944.85,842385.34
36.25,387002.49,433199.81,473147.98,725541.82,851215.33
36.33,390670.24,436175.2,478582.32,732662.35,862159.76
36.42,391873.7,441247.78,481871.24,740575.64,872125.38
36.5,395463.27,444060.69,487501.6,748658.87,883673.83
36.58,398526.21,446013.52,488334.85,757993.36,894677.91
36.67,401480.61,447169.3,492546.03,766034.32,906295.57
36.75,404132.42,453297.1,494925.45,774489.99,914892.93
36.83,410224.08,458487.96,499236.33,782823.7,926741.26
36.92,416531.83,460203.15,502967.61,792052.56,937275.31
37.0,420265.06,464397.69,508551.0,801743.72,949293.35
37.08,422654.4,466959.77,510490.13,809126.17,960698.38
37.17,427590.48,473026.32,515922.49,818622.97,970415.0
37.25,429971.1,476156.76,517985.78,827718.47,980926.15
37.33,433681.7,481495.43,523185.43,832998.76,991642.68
37.42,439416.95,483956.73,525661.37,842006.48,1001979.87
37.5,440328.46,485810.58,531619.85,852080.21,1011847.16
37.58,444631.11,489182.26,536778.08,861011.41,1024380.54
37.67,449077.5,492831.78,539099.35,871305.85,1036498.74
37.75,451638.4,496214.0,541578.65,876383.82,1045877.81
37.83,452207.23,500684.29,548831.0,885867.05,1056021.23
37.92,455950.91,504984.36,556300.85,892015.22,1067408.73
38.0,459075.01,511453.67,559397.6,901261.35,1077410.09
38.08,462412.79,517021.92,562557.9,912212.31,1090713.11
38.17,459340.55,518803.73,569069.97,918094.46,1101661.47
38.25,463119.15,525255.7,574725.34,926886.08,1108182.86
38.33,471976.89,532086.02,580020.16,934101.27,1122230.64
38.42,473669.27,531811.13,583794.99,941033.87,1133201.76
38.5,472051.45,533944.94,588064.22,950201.14,1144479.55
38.58,482447.22,539070.13,594891.31,959365.55,1157251.09
38.67,481611.24,547009.94,598937.75,967641.78,1170221.8
38.75,487340.94,549152.97,604816.47,973784.74,1179724.53
38.83,489671.28,550815.15,606389.04,982975.02,1188520.43
38.92,497485.97,556470.61,610656.43,993828.89,1202410.65
39.0,502128.67,556536.13,615154.49,1003490.06,1213563.4
39.08,503040.17,560633.36,617778.88,1014108.84,1226315.49
39.17,504909.0,563676.93,620427.37,1023567.17,1239577.36
39.25,509928.79,570336.09,627414.96,1031109.67,1249311.81
39.33,512666.4,573696.8,633849.33,1038384.12,1261558.02
39.42,523187.28,578065.9,638393.1,1049516.52,1272702.83
39.5,524270.89,578768.74,641723.53,1060899.2,1283627.32
39.58,522919.78,580987.24,645355.49,1066363.49,1297173.11
39.67,527613.41,586065.88,650902.2,1075962.51,1308214.91
39.75,526838.11,592904.81,656130.7,1084012.59,1319854.03
39.83,534571.8,593827.46,658541.65,1092925.7,1333415.31
39.92,539288.21,598705.26,663927.02,1104549.51,1347166.79
40.0,542939.81,605105.98,670499.46,1113548.26,1361911.84
40.08,541869.27,613513.77,677149.47,1126675.53,1373012.73
40.17,538338.12,614992.5,678792.54,1135953.3,1383866.13
40.25,540566.51,621655.2,683495.17,1142289.97,1398634.59
40.33,546466.28,621460.18,690856.66,1151784.07,1410547.47
40.42,551554.83,626387.94,694925.31,1160933.18,1425933.9
40.5,555228.06,629437.29,700244.95,1174847.11,1433913.76
40.58,556865.33,631651.33,703044.13,1184076.75,1446836.09
40.67,561023.08,639780.16,704395.96,1192826.68,1462201.37
40.75,569672.02,641975.62,710566.39,1202129.01,1475987.02
40.83,572194.76,649677.17,716580.62,1212678.39,1492732.05
40.92,577504.23,650526.04,725333.92,1223290.63,1507478.01
41.0,585083.02,652935.4,731356.84,1232642.16,1514870.64
41.08,587953.77,661350.74,737639.0,1241740.02,1529577.57
41.17,588357.74,663776.94,738758.47,1248886.53,1542739.62
41.25,600276.1,669427.09,745795.72,1260810.65,1550830.0
41.33,602187.17,672371.35,749040.68,1271170.49,1564651.03
41.42,608332.24,679801.91,753387.85,1279542.87,1582384.65
41.5,612426.81,683975.5,760063.45,1293126.77,1596553.06
41.58,616556.96,687327.14,766008.65,1304646.74,1608315.99
41.67,618441.13,691087.03,770620.26,1317370.17,1625690.55
41.75,617616.61,694724.8,774507.2,1326534.15,1642361.1
41.83,617937.24,695249.86,775324.91,1333026.04,1659792.48
41.92,628102.53,698192.05,780886.42,1342343.2,1670361.88
42.0,630538.14,705001.05,784343.98,1354466.99,1680936.17
42.08,631399.9,709658.17,792249.8,1363906.97,1693874.94
42.17,636026.93,714653.96,794248.21,1378766.33,1707365.05
42.25,638027.32,723806.18,804780.62,1391364.54,1726191.37
42.33,642433.42,729573.04,805586.15,1397961.32,1742877.57
42.42,645010.67,729939.83,811436.12,1408824.16,1759232.06
42.5,650443.14,736951.25,814839.68,1416511.49,1771089.2
42.58,654582.6,736911.33,815075.72,1431394.81,1787391.37
42.67,655142.87,739660.17,822450.44,1438527.6,1804616.61
42.75,657706.85,742985.65,825542.9,1447081.57,1814033.14
42.83,660178.05,747445.92,832956.45,1457622.04,1831711.33
42.92,665485.17,752873.73,836499.4,1466629.88,1846763.49
43.0,666655.67,755116.94,842352.89,1478259.16,1861206.98
43.08,667229.36,756857.13,845691.5,1485430.45,1875881.8
43.17,673371.81,758049.93,856564.9,1495250.39,1889738.54
43.25,671568.38,764873.44,860956.68,1508363.59,1903750.32
43.33,675604.13,771991.5,868442.31,1519047.84,1922195.14
43.42,673653.4,769071.19,863958.72,1534042.93,1944488.93
43.5,684441.73,774839.2,873885.58,1543414.1,1955963.94
43.58,688708.72,780544.64,877393.71,1556024.66,1963640.12
43.67,696170.86,788237.44,879560.88,1564088.12,1982216.04
43.75,697937.87,792411.79,885314.16,1573445.6,2003243.96
43.83,696473.71,800891.12,893594.22,1585960.8,2018645.04
43.92,705588.62,810317.25,897469.63,1596862.0,2024270.91
44.0,703934.45,807192.42,906456.99,1607877.7,2041570.4
44.08,709359.21,811693.56,908110.96,1618039.82,2061250.86
44.17,709391.7,813984.31,913121.63,1632274.89,2078599.78
44.25,711398.17,820351.69,916422.77,1644894.14,2091909.56
44.33,711482.76,823226.08,926618.45,1654578.79,2108315.3
44.42,713553.68,829704.59,929281.97,1668874.62,2124215.3
44.5,729404.89,831147.94,935934.33,1684436.38,2138734.88
44.58,731189.52,843327.54,939756.21,1690067.84,2154445.42
44.67,732387.79,841348.64,944125.09,1700020.34,2167037.31
44.75,738503.27,850440.94,946799.5,1711189.52,2190592.45
44.83,744451.06,857080.98,951873.73,1722041.87,2203373.95
44.92,748260.36,863916.68,960888.75,1736051.89,2224349.26
45.0,745553.12,867293.15,964960.72,1752062.84,2238229.25
45.08,748443.14,866332.42,967127.87,1762546.56,2253713.87
45.17,754303.09,875271.48,972446.08,1773885.28,2275367.0
45.25,764748.45,873707.92,982951.96,1783204.31,2285748.29
45.33,766429.11,875334.23,982552.21,1793098.03,2301199.7
45.42,770873.86,879675.74,984899.37,1804477.75,2312989.64
45.5,778678.52,880319.46,987434.73,1813975.54,2327503.96
45.58,786871.66,884749.08,996597.91,1827812.09,2348392.1
45.67,793240.91,894236.34,997512.89,1841722.83,2363714.54
45.75,788824.85,894537.24,1003326.28,1853050.39,2383931.37
45.83,789889.41,901699.43,1011111.67,1865781.62,2404683.84
45.92,792567.33,906796.83,1017076.66,1881057.72,2423973.32
46.0,787256.07,913456.78,1025397.15,1891136.98,2436014.52
46.08,797645.77,915905.61,1034254.58,1902726.77,2456316.03
46.17,798877.76,924777.39,1036658.32,1919038.64,2476238.7
46.25,805116.52,927669.34,1039894.14,1932479.64,2494489.2
46.33,809334.79,931725.03,1049422.57,1948713.21,2516450.55
46.42,812798.84,939849.29,1050959.3,1960295.65,2533584.96
46.5,811775.22,947371.5,1057904.83,1974127.26,2551113.06
46.58,816791.62,949044.01,1059136.37,1985693.9,2568295.57
46.67,823500.79,956274.82,1066091.66,1998532.8,2589259.7
46.75,838601.81,964312.29,1071766.62,2011812.89,2610111.2
46.83,829525.2,966523.54,1080943.39,2024210.35,2635418.15
46.92,835298.21,972428.22,1088152.13,2030628.53,2656216.0
47.0,844435.19,977636.22,1086877.67,2041980.72,2669818.77
47.08,851873.93,980204.49,1094053.96,2058295.21,2696409.61
47.17,856070.24,979912.42,1097634.89,2068987.19,2717108.28
47.25,862853.01,987340.18,1112234.19,2082401.93,2736270.7
47.33,870637.74,984795.46,1117534.97,2088596.82,2758244.48
47.42,871210.17,994905.95,1120861.56,2105727.89,2767596.75
47.5,873724.51,1001810.8,1126177.86,2119273.97,2791115.9
47.58,884040.7,994456.47,1126901.76,2132001.82,2813537.73
47.67,886271.21,1009435.84,1137393.29,2149655.16,2834897.54
47.75,883970.31,1009633.01,1147204.93,2161862.98,2849895.19
47.83,881157.31,1011888.2,1153367.67,2170723.6,2874506.33
47.92,883008.97,1014274.66,1160676.9,2186092.01,2882486.37
48.0,888222.13,1017206.11,1162558.25,2204218.09,2906173.51
48.08,888572.2,1017354.43,1166575.67,2219281.36,2921380.14
48.17,883372.9,1027035.34,1170313.63,2231007.66,2949696.46
48.25,889930.06,1030077.2,1178559.11,2245438.3,2976739.5
48.33,902628.28,1037168.14,1184288.3,2252468.52,3003552.73
48.42,906472.1,1045655.67,1190517.6,2269126.02,3022222.63
48.5,916961.57,1050892.42,1197341.85,2284131.47,3041280.4
48.58,920663.34,1062179.65,1208658.62,2296659.69,3062985.99
48.67,931689.54,1066659.56,1216828.26,2315866.09,3074180.12
48.75,925358.36,1069160.36,1210428.25,2331979.48,3101115.2
48.83,931826.54,1079843.36,1222503.83,2347157.76,3115896.59
48.92,942999.17,1088054.93,1219649.2,2363949.89,3139878.52
49.0,944040.31,1093490.07,1227022.66,2376892.29,3162649.76
49.08,939316.45,1097874.42,1229884.47,2400457.82,3175149.77
49.17,952204.96,1099964.06,1236349.33,2416962.42,3192639.9
49.25,942084.86,1105058.5,1251021.13,2424002.96,3221795.41
49.33,956553.12,1105582.66,1255754.58,2433480.98,3245392.67
49.42,962532.18,1112049.21,1257455.04,2449842.52,3266506.49
49.5,960451.31,1112625.98,1263341.56,2467979.9,3294858.32
49.58,961323.25,1115208.25,1258277.99,2485875.95,3306342.69
49.67,965737.33,1117742.0,1265820.47,2492527.81,3325790.24
49.75,967148.38,1125903.09,1269480.99,2511182.55,3356979.78
49.83,969270.82,1127718.73,1283785.42,2527273.04,3388180.21
49.92,967362.36,1134986.56,1289526.58,2540406.89,3401094.45
50.0,981621.04,1150005.95,1291623.7,2551047.9,3423371.54
50.08,967167.25,1142805.3,1295652.06,2569621.66,3444259.82
50.17,974248.28,1150478.26,1302706.0,2581023.62,3462559.78
50.25,969905.42,1154393.32,1304047.8,2601048.54,3477574.69
50.33,980711.27,1152490.89,1312442.8,2615387.06,3508389.44
50.42,991935.47,1157459.8,1316863.71,2636366.87,3531806.16
50.5,990423.48,1164780.3,1325674.52,2653745.98,3551007.32
50.58,994927.72,1170317.19,1340918.47,2668110.78,3564070.08
50.67,1010947.55,1178147.02,1351342.62,2688290.88,3599360.19
50.75,1012191.13,1182253.82,1352980.36,2707999.79,3628540.46
50.83,1023807.2,1189327.07,1359802.2,2722258.22,3647125.66
50.92,1024334.38,1185096.32,1366974.83,2731442.99,3675831.68
51.0,1018359.25,1195708.04,1377363.41,2754704.21,3706526.19
51.08,1010894.28,1205244.14,1380379.26,2763061.89,3719119.62
51.17,1007216.56,1205121.67,1381770.19,2782179.06,3746712.77
51.25,1013582.57,1205378.49,1381587.55,2803045.13,3770079.47
51.33,1025309.21,1210209.91,1392459.28,2816990.02,3797297.9
51.42,1019685.57,1213375.92,1402044.05,2824855.89,3822926.65
51.5,1033234.05,1219092.63,1400184.84,2846899.91,3847491.22
51.58,1046875.82,1223108.33,1412662.85,2858134.03,3867525.25
51.67,1044001.24,1213498.43,1413407.98,2876707.84,3890694.76
51.75,1038897.98,1226599.3,1426480.23,2886531.5,3908713.42
51.83,1042539.66,1226780.17,1432028.65,2909319.67,3950712.8
51.92,1048561.91,1238919.44,1428003.98,2918027.96,3972889.18
52.0,1044317.6,1246220.78,1438111.53,2935692.61,4003825.86
52.08,1054203.64,1240456.95,1453181.28,2952797.97,4035715.96
52.17,1062865.11,1250380.29,1449944.78,2973822.98,4060150.37
52.25,1058785.23,1252221.85,1460503.84,2993830.33,4066841.52
52.33,1059096.31,1247894.14,1470808.08,3015370.77,4107399.33
52.42,1065864.15,1249874.24,1472087.82,3030413.05,4126853.3
52.5,1073966.91,1267409.28,1476637.58,3044562.87,4154073.37
52.58,1073609.74,1267667.16,1479031.49,3069194.0,4161968.83
52.67,1076559.58,1282687.84,1485622.58,3087003.46,4196946.01
52.75,1087238.33,1279707.75,1483700.65,3102790.92,4224609.28
52.83,1097410.64,1284228.46,1497717.85,3110757.21,4246443.32
52.92,1107543.15,1289996.68,1504840.7,3134854.97,4282791.18
53.0,1111002.02,1283796.61,1507548.69,3152179.46,4299397.69
53.08,1104843.73,1293217.61,1514384.3,3170048.6,4331346.6
53.17,1114715.05,1297678.3,1521100.56,3194789.48,4359927.54
53.25,1107235.76,1302677.71,1524421.57,3208532.19,4378947.48
53.33,1113345.75,1314899.47,1530025.58,3226536.81,4416325.77
53.42,1096653.42,1320215.14,1532083.66,3234131.1,4444950.26
53.5,1111259.62,1326490.72,1538776.19,3249364.53,4499750.3
53.58,1117821.81,1338201.77,1542923.31,3257454.18,4510117.78
53.67,1113148.73,1345279.93,1559823.17,3286538.95,4537771.44
53.75,1126451.61,1343493.25,1567659.7,3309239.02,4563840.07
53.83,1142018.3,1346336.1,1566132.17,3325597.09,4590873.16
53.92,1142815.31,1347386.17,1575483.33,3350450.22,4602175.34
54.0,1156889.92,1356648.15,1574802.33,3370541.8,4634254.69
54.08,1163199.33,1357615.73,1586143.68,3390155.54,4671973.87
54.17,1165890.77,1367757.58,1599589.73,3409591.54,4689454.07
54.25,1165916.93,1379218.9,1602021.33,3419725.88,4718763.26
54.33,1170093.66,1389061.97,1608275.93,3439619.04,4740264.09
54.42,1162365.43,1391981.81,1611931.14,3460664.24,4769584.57
54.5,1166223.61,1395903.69,1619396.45,3471318.32,4788509.77
54.58,1173158.09,1403792.68,1619985.17,3496098.34,4806609.13
54.67,1190648.22,1412858.63,1628126.59,3507502.94,4841921.47
54.75,1185647.45,1413522.1,1633048.73,3531361.99,4861907.14
54.83,1188484.49,1416560.48,1645834.8,3549481.72,4893606.71
54.92,1180813.55,1426425.52,1650046.87,3577281.81,4925019.94
55.0,1167349.69,1417256.13,1649680.38,3585392.48,4947627.24
55.08,1184279.98,1425984.79,1660038.23,3606541.54,4965639.19
55.17,1181864.85,1423192.05,1657850.83,3619894.19,4988351.87
55.25,1194896.56,1419505.23,1652465.52,3635923.62,5006324.23
55.33,1186257.22,1418345.17,1658184.24,3644908.73,5033320.13
55.42,1195427.42,1418900.05,1646876.83,3661495.87,5054726.6
55.5,1190539.52,1414143.84,1647754.7,3672243.91,5080233.97
55.58,1186064.15,1403731.0,1652204.42,3674692.55,5093840.32
55.67,1196091.44,1401262.14,1641215.57,3685853.22,5106422.8
55.75,1195591.62,1408617.84,1640362.72,3691076.63,5138241.22
55.83,1197441.11,1403825.74,1640696.15,3691483.83,5160795.49
55.92,1195919.25,1416601.49,1641297.99,3710485.86,5180706.93
56.0,1187315.99,1402239.97,1647489.26,3723968.85,5203652.6
56.08,1193821.36,1399048.68,1641438.06,3733290.34,5226447.11
56.17,1198944.15,1397752.74,1634188.66,3756540.95,5238956.67
56.25,1183907.55,1398887.79,1634858.0,3765076.67,5267197.0
56.33,1177629.52,1393008.94,1645083.98,3767776.9,5314450.55
56.42,1171001.28,1399211.96,1643024.22,3787267.78,5331290.17
56.5,1169560.33,1400704.86,1635836.02,3798642.09,5362048.67
56.58,1165312.54,1390980.94,1628357.55,3813126.38,5383133.66
56.67,1182358.46,1399716.46,1631388.92,3821645.02,5406373.37
56.75,1170633.04,1388637.59,1623989.03,3838120.39,5428325.76
56.83,1166288.62,1378988.02,1626953.12,3843016.33,5459189.55
56.92,1165870.66,1378117.49,1628419.61,3855061.46,5475982.32
57.0,1146200.85,1376246.38,1629870.39,3878648.8,5487869.58
57.08,1136251.25,1382339.17,1630621.82,3891282.48,5511074.24
57.17,1153076.62,1389543.35,1625177.5,3909582.01,5538614.86
57.25,1145476.83,1391232.38,1620173.75,3909190.54,5545929.34
57.33,1134736.65,1368124.4,1613940.54,3928438.6,5580171.75
57.42,1135034.7,1373634.66,1614393.23,3927871.84,5620534.48
57.5,1124410.17,1357817.61,1626993.88,3942630.89,5648052.11
57.58,1128436.06,1362057.72,1621737.09,3961813.88,5670234.98
57.67,1130660.79,1367401.65,1628042.66,3975787.77,5706573.59
57.75,1130176.08,1365516.51,1626901.65,3991089.56,5734096.69
57.83,1134389.17,1364594.15,1623165.56,4009834.04,5760222.15
57.92,1128849.72,1364824.57,1619947.39,4006068.43,5801153.65
58.0,1130839.92,1353930.17,1640326.56,4032102.45,5822860.78
58.08,1119436.84,1361465.74,1639856.27,4040958.15,5824423.55
58.17,1121816.7,1360892.01,1640793.78,4044810.36,5839312.54
58.25,1116244.04,1367067.35,1644955.18,4056891.01,5877580.97
58.33,1103746.37,1364738.87,1637575.94,4058962.91,5923565.77
58.42,1104454.93,1361768.14,1640263.37,4084465.46,5951283.1
58.5,1121949.87,1354970.15,1629043.19,4097207.25,5982472.24
58.58,1108980.21,1348452.46,1637675.64,4122937.63,6005488.83
58.67,1128660.5,1345732.88,1636586.46,4131052.36,6035738.17
58.75,1131608.29,1355847.48,1642968.13,4157045.94,6065673.77
58.83,1128157.42,1352409.63,1640216.88,4169130.9,6109869.44
58.92,1129698.1,1357598.31,1643252.45,4176494.17,6127360.27
59.0,1111355.15,1353510.95,1640797.13,4185915.47,6182706.02
59.08,1116515.52,1348835.57,1640413.31,4206573.13,6214767.47
59.17,1097810.07,1347027.74,1634127.02,4217315.6,6239401.63
59.25,1101116.09,1357360.47,1624382.47,4230183.41,6253725.13
59.33,1096846.36,1347729.8,1627240.56,4252827.57,6288065.12
59.42,1095246.71,1355934.72,1621608.7,4262361.87,6316370.83
59.5,1099051.31,1359958.61,1636081.61,4255165.59,6325568.9
59.58,1083954.48,1364568.23,1636149.72,4269258.87,6373648.43
59.67,1091961.94,1375728.57,1634359.78,4297169.01,6397346.99
59.75,1088251.11,1382975.71,1630564.72,4305633.56,6418444.18
59.83,1076399.63,1378754.0,1624901.65,4330396.13,6456825.43
59.92,1079650.96,1374927.19,1623661.35,4336822.01,6503098.91
60.0,1075122.82,1375105.27,1630146.31,4356076.12,6503728.18
60.08,1072304.63,1365366.43,1638518.97,4374404.68,6562460.9
60.17,1068341.55,1365662.21,1627750.5,4373951.84,6569844.75
60.25,1083167.15,1356712.01,1632102.16,4380261.86,6583720.13
60.33,1086782.57,1361078.89,1642669.73,4400819.76,6620007.08
60.42,1084511.9,1368738.19,1641865.44,4423637.8,6649358.94
60.5,1072354.0,1362469.39,1659983.51,4435960.94,6670680.04
60.58,1064878.08,1362350.12,1649527.59,4459953.97,6720113.85
60.67,1056545.97,1359834.58,1633672.79,4480589.02,6732361.32
60.75,1051169.22,1361851.1,1645151.14,4491183.86,6743120.82
60.83,1061282.89,1361914.78,1637973.39,4500274.51,6773473.27
60.92,1059780.57,1364707.21,1628155.08,4512462.43,6798736.64
61.0,1054319.44,1358132.8,1637774.31,4530550.94,6807921.22
61.08,1063637.59,1347627.61,1634791.03,4553634.24,6861637.98
61.17,1052853.89,1352950.15,1636372.79,4555861.48,6889729.93
61.25,1049671.41,1367316.26,1641710.22,4563642.1,6946258.91
61.33,1060458.69,1372391.75,1642248.94,4567551.66,6948516.2
61.42,1048126.88,1362606.78,1638657.86,4591063.01,6976114.49
61.5,1050342.76,1362079.45,1637929.76,4613801.95,7015215.91
61.58,1046490.65,1357600.23,1637393.72,4652893.63,7058533.74
61.67,1052516.73,1361088.81,1630645.66,4670509.71,7100965.25
61.75,1046249.95,1365272.45,1633356.66,4677601.51,7131830.84
61.83,1047525.43,1366129.09,1638941.78,4680812.93,7170796.58
61.92,1023412.4,1357844.76,1635197.82,4696912.13,7212681.15
62.0,1034355.57,1358781.88,1637626.99,4699910.53,7233372.8
62.08,1021905.66,1352883.09,1634507.09,4711121.52,7292944.33
62.17,1023921.27,1351642.09,1641970.63,4724901.01,7308606.61
62.25,1026394.43,1345601.53,1637542.43,4751078.63,7355707.9
62.33,1025581.55,1338934.12,1634275.9,4767603.94,7399637.8
62.42,1027573.01,1339730.1,1652097.6,4802008.42,7387040.01
62.5,1031864.14,1339581.7,1643944.51,4797600.27,7418982.84
62.58,1031125.83,1343797.06,1638188.14,4812250.61,7462779.65
62.67,1029999.15,1337478.95,1640482.19,4824477.3,7480445.86
62.75,1023498.05,1330836.01,1625115.57,4849424.27,7532138.39
62.83,1034001.21,1328896.89,1643606.86,4848313.07,7559058.26
62.92,1023704.59,1331532.91,1637074.84,4875090.73,7584900.1
63.0,1028530.74,1337210.02,1640336.51,4895095.56,7615957.79
63.08,1015521.27,1337291.48,1645272.79,4899000.7,7643389.12
63.17,1028990.05,1327525.09,1633270.73,4925948.0,7689312.99
63.25,1024883.33,1323934.77,1640495.71,4925311.9,7706196.44
63.33,1013611.98,1329694.25,1642678.41,4959513.53,7753164.54
63.42,1018054.21,1330237.2,1651814.55,4959675.27,7771229.19
63.5,1018038.04,1329239.21,1648887.24,4983830.22,7789125.97
63.58,1021646.5,1310704.62,1647363.77,5012021.72,7830142.58
63.67,1011901.51,1324121.19,1660720.05,5016739.92,7840211.03
63.75,1029900.13,1325708.28,1657321.51,5040904.27,7866501.23
63.83,1030504.81,1322915.85,1662705.12,5048251.68,7888664.6
63.92,1017209.44,1322684.59,1645812.23,5057386.11,7902991.69
64.0,1015521.96,1311036.26,1654657.13,5062775.09,7935151.11
64.08,1018198.59,1301362.78,1669459.39,5086495.48,7998800.47
64.17,1018072.14,1294245.8,1671898.02,5112658.81,8060556.6
64.25,1009370.2,1300142.96,1667699.94,5134312.73,8093849.34
64.33,992296.96,1284848.8,1672235.21,5161857.01,8121345.95
64.42,995157.75,1291288.52,1670466.61,5169128.45,8150720.63
64.5,1007778.69,1305530.12,1664399.53,5205528.6,8179507.38
64.58,1006410.67,1299407.85,1665542.14,5208209.38,8257628.66
64.67,993730.41,1305202.18,1651028.58,5201107.93,8276966.47
64.75,1001938.01,1302155.26,1658024.13,5214860.16,8298389.9
64.83,1000130.8,1310663.56,1664631.67,5226377.4,8337744.47
64.92,996271.05,1329781.36,1662020.15,5246416.72,8382693.15
65.0,1004379.05,1319934.61,1660522.86,5259260.02,8385366.19
65.08,991691.69,1312536.03,1652242.99,5274939.76,8441659.63
65.17,985366.74,1310109.02,1662170.85,5300126.18,8492417.02
65.25,981630.8,1303745.26,1656697.88,5323936.44,8511332.4
65.33,998131.4,1300600.24,1645581.87,5339044.84,8586217.73
65.42,989785.72,1305344.73,1651973.22,5365919.2,8622747.17
65.5,1007572.33,1311607.95,1645431.9,5386563.31,8630134.75
65.58,1005276.57,1307332.77,1634047.98,5414081.24,8701424.33
65.67,996113.35,1306103.08,1642851.75,5451644.17,8760078.52
65.75,988323.22,1300836.28,1650815.22,5474272.94,8799489.34
65.83,970361.71,1298198.27,1642909.57,5517954.12,8874440.74
65.92,975562.56,1304009.36,1647196.88,5514212.51,8901865.23
66.0,979943.22,1283977.48,1651998.01,5535305.57,8937475.98
66.08,974182.85,1295860.57,1649360.18,5564530.82,8959816.04
66.17,972812.73,1287292.28,1649676.49,5573729.39,8966239.57
66.25,978766.6,1289358.28,1659761.64,5614116.43,9018223.62
66.33,976651.36,1301061.76,1655129.41,5624253.2,9100443.81
66.42,981097.37,1302820.72,1653112.65,5640339.82,9113163.15
66.5,962472.1,1298157.45,1652156.7,5686585.17,9140655.51
66.58,979187.75,1299700.84,1639336.43,5685005.56,9153116.51
66.67,980171.49,1300853.16,1647264.39,5710372.0,9194728.39
66.75,987361.09,1294352.96,1660048.43,5740460.51,9220523.63
66.83,979593.26,1294069.34,1660452.23,5742127.86,9240802.18
66.92,968577.91,1285150.79,1665324.88,5765042.21,9273263.85
67.0,967195.57,1276980.69,1658719.14,5773497.24,9295921.2
67.08,963009.08,1285495.58,1658559.85,5805437.42,9323144.56
67.17,953167.51,1280180.33,1654950.56,5821860.4,9339691.67
67.25,972887.9,1286026.86,1657005.19,5853943.76,9396365.0
67.33,963716.79,1277789.22,1660159.31,5868656.3,9444948.84
67.42,950154.8,1288906.53,1662593.63,5902283.36,9485747.41
67.5,939781.14,1290974.11,1664286.02,5917032.09,9509043.16
67.58,955120.55,1287607.06,1683762.87,5927555.79,9540131.65
67.67,952704.35,1292690.28,1684270.75,5948952.38,9572657.72
67.75,952698.44,1294324.38,1678509.37,5967564.56,9646345.94
67.83,943161.83,1296493.98,1668364.78,5986018.91,9699418.66
67.92,959417.67,1292331.11,1668573.18,6012385.1,9748872.06
68.0,950521.77,1282867.25,1672898.38,6027406.06,9781678.84
68.08,952091.81,1294237.07,1663587.03,6038512.25,9825161.96
68.17,959780.18,1295088.21,1669430.8,6059357.18,9893183.39
68.25,959188.42,1283252.48,1677260.71,6070492.01,9946871.59
68.33,964024.57,1290635.63,1666093.67,6091447.45,9959068.02
68.42,953080.96,1297125.65,1670120.22,6101812.25,9997163.06
68.5,946300.47,1302004.25,1678128.27,6118241.91,10065380.94
68.58,941867.76,1304100.62,1681216.38,6131610.11,10069235.48
68.67,943911.83,1296064.46,1688856.22,6165095.81,10141518.2
68.75,938062.74,1303722.44,1697967.87,6191776.81,10173974.59
68.83,942588.63,1290976.88,1693228.09,6192630.86,10240204.44
68.92,942575.28,1295040.14,1702164.08,6224374.26,10276923.54
69.0,942879.22,1298433.7,1693801.17,6239393.92,10327407.51
69.08,939563.63,1292824.55,1689638.72,6242219.56,10356650.31
69.17,942618.08,1304647.46,1700624.36,6289141.29,10434764.51
69.25,936428.98,1316063.0,1696245.9,6301643.03,10533107.51
69.33,934947.0,1322268.46,1688194.73,6336482.82,10539703.9
69.42,924265.7,1316975.98,1694878.79,6325939.35,10626098.6
69.5,920735.24,1322072.04,1696660.78,6369956.85,10665803.93
69.58,925245.38,1307182.82,1696686.56,6377884.92,10683923.96
69.67,929759.45,1288439.77,1685691.82,6419201.78,10735052.89
69.75,935220.84,1290626.61,1697376.41,6433567.49,10813329.46
69.83,939654.8,1283747.81,1702371.42,6473645.26,10853955.25
69.92,947648.2,1286139.77,1689036.91,6484828.38,10900801.87
70.0,932294.61,1271875.65,1708081.33,6536308.75,10923260.31
70.08,937629.26,1288382.7,1700867.58,6557280.12,11006681.89
70.17,935033.97,1278409.42,1713768.15,6572366.63,11061646.28
70.25,932745.46,1278323.27,1702804.79,6587846.84,11099561.56
70.33,929312.71,1275451.21,1703504.68,6599865.79,11078911.09
70.42,909793.06,1283468.62,1707650.0,6622570.17,11157275.9
70.5,917338.2,1273677.62,1701394.33,6656642.52,11206344.19
70.58,903825.33,1270892.85,1691957.41,6668383.3,11295962.06
70.67,915718.67,1272137.89,1704835.94,6713104.1,11336246.49
70.75,898905.52,1254532.69,1720887.85,6738399.33,11354724.05
70.83,909141.73,1266577.35,1709064.74,6755311.8,11384055.51
70.92,897280.17,1264507.61,1699930.16,6777330.34,11445112.78
71.0,887913.06,1263123.04,1714764.74,6801386.38,11532194.36
71.08,892897.63,1265541.3,1709663.1,6822342.3,11574156.44
71.17,884909.69,1262168.26,1721747.94,6844259.74,11583969.87
71.25,889283.65,1268578.64,1723132.87,6855485.12,11586622.09
71.33,887504.33,1264725.51,1729753.87,6869815.99,11572278.79
71.42,884088.23,1250163.99,1722747.78,6878523.55,11660298.79
71.5,891520.74,1261828.72,1728530.78,6909156.16,11706305.37
71.58,892763.42,1255227.32,1729050.64,6916405.87,11839671.81
71.67,881223.04,1259567.43,1749040.41,6939050.22,11869330.88
71.75,887104.38,1250207.48,1751587.35,6970594.94,11914252.7
71.83,882611.11,1250045.29,1739967.11,7003542.59,11977424.43
71.92,888805.71,1248631.17,1745683.77,7037442.58,11958635.26
72.0,885740.65,1250527.97,1750377.34,7058172.34,12062396.28
72.08,871445.42,1262710.65,1746399.97,7095959.39,12128221.01
72.17,887422.45,1263969.4,1748876.42,7127960.94,12216380.97
72.25,874745.13,1264297.18,1746394.63,7178126.1,12273623.35
72.33,869077.49,1261536.31,1750963.23,7219025.54,12352434.61
72.42,868486.9,1271662.72,1742765.62,7235381.65,12344139.07
72.5,847211.4,1268701.22,1749616.56,7281180.81,12414662.1
72.58,854191.72,1274577.7,1750259.58,7296705.77,12459812.58
72.67,865280.73,1264226.28,1759009.79,7335858.93,12504359.8
72.75,860341.92,1271338.24,1774036.41,7344289.51,12534857.39
72.83,861422.43,1277688.08,1776382.42,7350858.11,12570704.66
72.92,873446.12,1267809.94,1781659.09,7389463.52,12651768.28
73.0,867467.01,1272863.34,1772583.06,7406705.55,12693420.35
73.08,864099.24,1264422.3,1776202.13,7425977.33,12711219.91
73.17,857145.57,1269273.71,1778263.09,7437466.29,12819213.52
73.25,846740.62,1267999.02,1786902.18,7469236.16,12903021.71
73.33,839764.42,1266108.28,1792586.28,7528647.45,12965336.05
73.42,844128.45,1281050.68,1788004.45,7545361.98,12964397.18
73.5,837006.64,1280914.45,1778239.46,7553379.99,13017938.31
73.58,838265.27,1292549.78,1783420.0,7580230.4,13041926.74
73.67,827647.16,1289372.14,1777889.43,7599231.74,13097352.94
73.75,818115.72,1279611.79,1779413.76,7649807.38,13143245.63
73.83,829665.75,1283921.06,1775931.4,7670852.13,13219223.72
73.92,819116.11,1287214.42,1777890.96,7699931.55,13295555.66
74.0,803956.4,1284543.78,1775533.55,7711802.77,13350760.82
74.08,820451.54,1293714.25,1787130.63,7730399.29,13401712.38
74.17,819618.28,1280928.37,1770744.38,7765102.45,13465234.18
74.25,824219.1,1259330.69,1786072.9,7784476.18,13501724.86
74.33,811896.5,1273622.62,1777640.85,7805088.08,13535881.28
74.42,816270.5,1279115.07,1779529.8,7841569.73,13649314.21
74.5,823184.86,1291057.57,1790620.06,7898545.19,13734544.05
74.58,821260.96,1280976.29,1789405.83,7913419.73,13752383.98
74.67,809886.68,1285304.65,1778458.67,7918633.28,13822818.63
74.75,808536.0,1286646.64,1794405.46,7953084.77,13887743.33
74.83,810944.15,1291966.9,1805171.08,7971780.05,13961782.32
74.92,814182.94,1289047.03,1792851.67,7987275.44,14068717.37
75.0,801553.58,1289564.02,1786443.36,8047328.98,14082334.46
75.08,790436.28,1274118.01,1779668.41,8051508.67,14143525.11
75.17,787018.36,1270053.63,1803796.91,8059985.08,14213005.87
75.25,787800.23,1276921.03,1790218.25,8106051.41,14262452.73
75.33,773072.32,1278390.75,1812885.31,8133997.25,14341703.97
75.42,773525.25,1282484.69,1804027.58,8170319.03,14414756.01
75.5,776766.06,1277464.44,1800864.89,8174390.65,14455700.99
75.58,763244.11,1272593.37,1796689.68,8230218.28,14504342.65
75.67,749013.66,1281021.47,1807786.08,8238459.68,14573729.3
75.75,753136.7,1291004.33,1828432.59,8284270.45,14671427.55
75.83,753706.28,1285433.93,1820425.13,8343666.52,14679653.21
75.92,754653.61,1283231.34,1827154.73,8401226.32,14666228.95
76.0,754037.29,1276117.46,1819327.58,8440094.06,14736403.39
76.08,752134.21,1287308.73,1818888.38,8466095.94,14794577.76
76.17,768341.35,1263239.95,1826799.39,8510681.59,14850384.81
76.25,766600.19,1286095.97,1824645.8,8549224.84,14996191.71
76.33,771734.56,1296954.07,1818016.46,8569970.33,15071905.04
76.42,755972.9,1291021.65,1826350.98,8613573.44,15096818.72
76.5,762194.78,1299804.62,1828610.84,8625096.68,15224032.11
76.58,748887.71,1306343.37,1816764.72,8660346.62,15375217.86
76.67,751258.57,1301742.24,1809573.91,8676789.39,15411944.27
76.75,769187.15,1303464.7,1804222.52,8665066.44,15454444.72
76.83,757649.72,1286577.9,1821828.17,8696462.91,15514465.83
76.92,733596.19,1288439.69,1828124.05,8739992.38,15581900.79
77.0,732905.66,1288134.77,1842206.17,8752818.19,15642711.53
77.08,743248.51,1283187.56,1840657.58,8809607.57,15629347.76
77.17,733273.71,1275813.72,1835961.18,8839080.52,15706799.53
77.25,728430.31,1285305.56,1849288.5,8900428.76,15804673.29
77.33,729296.8,1267850.17,1847228.63,8937898.06,15873032.75
77.42,731173.55,1267996.88,1846934.4,8936280.85,15927486.71
77.5,731632.22,1274598.58,1865764.02,9008392.74,15972933.54
77.58,735517.23,1273799.84,1861949.64,9036345.61,16056080.41
77.67,735493.57,1265706.4,1864724.06,9044881.55,16056934.01
77.75,736488.29,1277828.26,1869013.02,9081128.25,16102351.64
77.83,728599.76,1260246.82,1858169.77,9121184.3,16170805.92
77.92,726723.09,1259955.25,1862487.46,9144502.13,16245937.74
78.0,729325.93,1260831.7,1877443.83,9208517.23,16397562.89
78.08,741013.79,1265926.01,1871410.52,9231492.81,16490602.04
78.17,718396.79,1259900.96,1876473.21,9286500.56,16555389.56
78.25,738807.04,1252981.18,1883776.69,9282977.78,16537438.64
78.33,744128.23,1269741.53,1888900.03,9278232.69,16675982.08
78.42,730048.03,1266414.95,1893689.48,9334234.71,16742146.43
78.5,730801.91,1273601.05,1900939.6,9363054.03,16803965.17
78.58,724303.02,1261854.24,1883737.49,9426468.76,16862524.47
78.67,730192.88,1260201.79,1906301.42,9462521.72,16946020.28
78.75,725929.36,1255888.39,1912927.64,9502016.83,17016585.33
78.83,724573.27,1260678.74,1906013.66,9504806.47,17168943.69
78.92,721160.35,1251498.19,1913590.79,9528029.65,17230155.16
79.0,722298.69,1250044.29,1909489.45,9571946.69,17282189.57
79.08,709395.4,1247339.46,1907150.44,9640255.24,17343839.14
79.17,725144.57,1252763.37,1910151.16,9666343.06,17415759.25
79.25,721595.03,1251699.82,1924460.5,9698438.57,17524450.75
79.33,712691.18,1236414.25,1931127.02,9754029.74,17616085.71
79.42,709130.3,1240198.71,1931823.34,9776028.49,17698550.77
79.5,707898.94,1248609.66,1933894.76,9815982.83,17776285.27
79.58,704341.18,1244223.44,1927533.69,9884355.39,17868913.36
79.67,698678.04,1228525.56,1931450.17,9911812.88,17940083.82
79.75,702331.69,1220763.51,1924715.38,9941776.21,18001709.29
79.83,700963.09,1211577.36,1923199.13,9977985.06,18081771.58
79.92,704242.33,1220372.06,1918845.41,9985586.81,18216400.17
80.0,708921.97,1219023.07,1927787.46,10071196.57,18336730.28
80.08,710547.89,1217821.09,1955495.97,10102294.02,18354122.16
80.17,712484.19,1218173.68,1956100.68,10115583.05,18406924.67
80.25,701407.47,1209078.38,1944352.69,10148415.54,18556692.88
80.33,693602.93,1214752.17,1939741.22,10170504.55,18677232.62
80.42,683906.58,1214018.45,1929061.63,10180238.58,18776145.8
80.5,675762.73,1225220.61,1936228.33,10189166.47,18867536.01
80.58,678253.56,1222600.36,1933986.2,10219405.5,18983816.56
80.67,679259.51,1212065.36,1941064.27,10265624.51,19017652.02
80.75,673495.63,1205094.42,1960106.02,10321429.82,19091508.09
80.83,684845.95,1215006.47,1948428.92,10367632.36,19153506.87
80.92,690318.27,1205634.25,1948553.75,10397075.37,19206920.75
81.0,675510.56,1215465.75,1947584.36,10407003.68,19239946.3
81.08,665705.24,1207885.12,1955854.36,10495330.36,19309444.52
81.17,700462.92,1202030.8,1955466.02,10581545.59,19444584.19
81.25,672757.97,1212468.45,1948468.71,10602441.05,19502353.79
81.33,684492.81,1198534.25,1964030.66,10631811.32,19461870.4
81.42,650432.6,1208721.46,1964578.89,10677429.82,19626646.83
81.5,655771.4,1203011.47,1955036.31,10720252.76,19754640.77
81.58,676390.01,1212315.62,1961218.34,10756566.97,19826387.1
81.67,684443.0,1205479.95,1975346.0,10810361.48,19901641.92
81.75,676775.97,1193065.34,1974721.74,10825096.22,20074321.51
81.83,681161.03,1213038.64,1959181.46,10859136.78,20074679.6
81.92,656118.13,1210576.56,1952471.17,10936481.64,20278433.84
82.0,652012.36,1222348.15,1955802.34,10978617.52,20426284.29
82.08,647249.55,1202498.47,1973682.69,10988375.77,20417158.34
82.17,637728.12,1206051.31,1968664.18,11081630.77,20492716.14
82.25,629385.17,1202510.9,1969510.75,11098005.19,20672991.77
82.33,640519.34,1202247.5,1970554.26,11166676.49,20720545.19
82.42,638265.84,1198612.89,1987459.09,11165034.82,20733135.04
82.5,652035.89,1205808.31,1975724.44,11217531.94,20852361.15
82.58,633497.93,1220234.94,1957874.71,11238305.92,20857923.34
82.67,636802.1,1213657.03,1962314.06,11295722.6,21011693.96
82.75,640459.79,1225061.21,1972203.41,11323403.84,21093991.46
82.83,631385.01,1224077.21,1965550.64,11393290.43,21135627.59
82.92,626545.89,1225992.72,1975792.61,11381386.59,21274197.7
83.0,644977.22,1209140.53,1977805.81,11446177.5,21314081.11
83.08,636282.84,1208609.58,1968257.7,11477619.24,21410639.97
83.17,618411.08,1228454.03,1973822.53,11556070.36,21588867.12
83.25,634792.0,1242587.07,1976619.43,11595271.53,21635357.97
83.33,640350.11,1248237.98,1991146.63,11629158.38,21762540.1
83.42,623034.2,1223905.8,1992885.42,11630805.47,21987374.61
83.5,627602.99,1235367.51,2007725.18,11710060.48,21918861.04
83.58,642751.38,1244302.91,2004236.94,11753014.26,22007787.47
83.67,628707.25,1235763.76,2005848.48,11783860.57,22091951.22
83.75,636205.38,1216342.82,2018211.54,11779059.58,22136806.2
83.83,630535.16,1222752.96,2032991.96,11880033.27,22251010.19
83.92,624587.33,1242248.29,2009205.99,11962462.89,22373719.77
84.0,611913.16,1224886.14,2006387.83,12012837.46,22400962.54
84.08,620780.44,1234262.76,2017887.03,12054087.73,22470198.68
84.17,614687.06,1235536.0,2003261.91,12096997.98,22619818.3
84.25,614868.39,1237647.76,2021519.98,12099774.12,22791148.86
84.33,620999.94,1234321.7,2021551.62,12173405.06,22903465.01
84.42,608357.08,1244529.2,2025701.75,12198066.52,23013721.91
84.5,616388.53,1229606.13,2016616.72,12235322.78,23019355.34
84.58,621856.15,1236913.56,2022934.86,12333217.06,23148845.08
84.67,620592.78,1226297.44,2032821.3,12359726.12,23192566.33
84.75,643879.02,1224704.48,2033189.21,12414547.93,23378198.53
84.83,651700.19,1215499.72,2045375.05,12450026.24,23492282.33
84.92,625568.42,1240101.48,2025289.9,12518585.88,23652008.91
85.0,627029.42,1229843.52,2059451.69,12541029.65,23788846.88
85.08,619455.67,1234016.45,2039602.36,12571424.21,23906862.91
85.17,631409.37,1215084.7,2035678.36,12640784.85,24042956.72
85.25,618003.23,1232061.83,2030377.48,12724946.87,24177989.39
85.33,617941.7,1202601.38,2024254.14,12754512.57,24294637.06
85.42,613564.24,1205121.87,2024578.83,12770583.36,24434431.89
85.5,610044.18,1209644.49,2042719.73,12855338.41,24485404.92
85.58,588968.42,1222387.66,2048236.67,12872222.37,24603770.44
85.67,603291.82,1213248.77,2050119.64,12943746.77,24611364.87
85.75,605093.84,1182321.86,2035164.74,12999211.04,24756085.93
85.83,604940.03,1195915.64,2054135.97,13042699.12,24825891.5
85.92,603424.99,1189093.19,2057398.54,13068303.05,25041101.77
86.0,618937.17,1191342.82,2072695.34,13148783.01,25156439.67
86.08,608743.09,1198055.8,2054477.15,13120254.88,25282058.49
86.17,612383.17,1196126.75,2065570.24,13182305.54,25501953.01
86.25,624737.75,1191724.19,2058363.17,13190247.71,25495898.06
86.33,606801.31,1188626.74,2066117.27,13260311.89,25687915.37
86.42,624919.2,1191447.67,2069825.19,13344453.87,25754147.22
86.5,632587.4,1190608.81,2057718.12,13363523.44,25834762.37
86.58,622592.7,1192460.01,2061564.84,13466125.69,26025015.84
86.67,627532.76,1200694.19,2077477.82,13534277.26,26026811.41
86.75,624199.62,1221127.58,2081533.25,13583542.63,26183798.15
86.83,614673.69,1204661.25,2087329.91,13603070.67,26275268.22
86.92,615431.77,1207973.15,2079317.67,13637156.35,26403738.66
87.0,608667.62,1225788.89,2088390.58,13695607.71,26624765.32
87.08,606140.86,1224471.98,2105919.68,13741037.59,26704309.86
87.17,617983.47,1220549.27,2128232.27,13764697.09,26886588.98
87.25,624595.56,1214594.99,2110296.09,13768775.11,26936521.05
87.33,638720.72,1201758.74,2142896.03,13853065.91,27042965.12
87.42,631996.99,1204475.22,2125747.89,13850783.2,27025216.02
87.5,640291.01,1195782.99,2129992.76,13965884.69,26992080.71
87.58,636469.83,1201784.2,2133484.5,13962723.05,27183750.51
87.67,623796.62,1204977.72,2123153.0,13991066.03,27222118.59
87.75,627291.75,1194997.78,2122957.93,14085930.4,27448242.38
87.83,615483.87,1193726.42,2133812.3,14100558.35,27550643.69
87.92,607922.15,1187872.67,2140348.37,14224232.85,27695205.84
88.0,612346.06,1191463.96,2132803.69,14245831.82,27871260.21
88.08,598146.24,1196217.55,2124185.92,14244790.36,27959270.81
88.17,602012.85,1205129.24,2144222.56,14343330.61,28253498.88
88.25,593201.95,1195762.03,2149887.38,14411089.59,28142152.01
88.33,595460.4,1203286.45,2162041.81,14497515.93,28350078.23
88.42,598000.57,1220455.8,2163651.49,14549286.92,28446734.09
88.5,588733.27,1202120.3,2158023.56,14596852.86,28522859.71
88.58,587256.15,1218139.77,2151805.88,14713152.56,28470371.26
88.67,587388.86,1217084.82,2167992.83,14717713.48,28719583.14
88.75,583455.33,1241623.41,2160580.97,14797783.03,28972717.44
88.83,571559.21,1245498.26,2150192.19,14785323.28,29093169.65
88.92,574886.1,1246296.4,2154626.34,14850948.54,29241629.37
89.0,572657.69,1216881.16,2157954.51,14877486.08,29427720.4
89.08,580643.41,1224669.65,2143804.95,14963073.65,29554332.47
89.17,574331.68,1236415.59,2142237.92,14949771.85,29581419.17
89.25,564522.99,1216011.92,2171195.83,15034480.82,29675246.21
89.33,571965.97,1213879.86,2166428.83,15086990.51,29837928.98
89.42,556147.48,1197581.26,2169769.34,15134317.24,29939468.54
89.5,565894.7,1165939.29,2177794.6,15193995.19,29996016.0
89.58,576285.05,1161469.94,2180876.96,15206518.06,30064698.88
89.67,590055.82,1183939.94,2186656.07,15272320.42,30247548.55
89.75,600392.26,1198149.01,2200289.84,15349629.58,30181203.17
89.83,586568.51,1195574.01,2196474.0,15373598.62,30387369.91
89.92,572378.36,1211797.33,2196970.22,15459455.08,30420178.65
90.0,562331.25,1213518.36,2208129.48,15426358.81,30527095.79
90.08,563534.21,1226733.09,2197280.0,15547574.2,30725740.37
90.17,568584.01,1226173.31,2189171.95,15574626.56,30955439.07
90.25,576402.29,1217746.55,2204069.57,15651954.73,31189430.28
90.33,577637.9,1223175.85,2233346.83,15715574.93,31200416.57
90.42,585822.62,1230409.36,2225518.97,15801531.22,31313060.25
90.5,563489.49,1222474.35,2250536.44,15902234.01,31504484.0
90.58,552074.94,1200565.4,2258489.94,15903996.18,31624563.6
90.67,547629.44,1207823.68,2236091.97,15999475.09,31826412.87
90.75,543418.08,1220447.87,2252077.13,16088776.19,32042109.55
90.83,551354.33,1195966.64,2255050.54,16080464.68,32124484.94
90.92,554850.51,1211264.37,2269344.09,16164706.87,32120992.99
91.0,556147.26,1228693.36,2292090.4,16219467.67,32418864.69
91.08,556507.37,1233584.07,2270511.1,16300944.03,32549969.13
91.17,559656.25,1240027.19,2272208.77,16338103.72,32654311.93
91.25,564047.42,1245702.8,2268245.12,16328598.71,32872333.89
91.33,570513.44,1237131.19,2266343.83,16462698.57,33054114.7
91.42,570151.53,1247460.17,2266099.66,16479576.03,33123289.49
91.5,569946.3,1226307.95,2276365.3,16624013.22,33294017.42
91.58,567472.66,1225926.44,2271595.8,16643658.04,33398130.01
91.67,562534.96,1230943.3,2271823.29,16716061.59,33606262.45
91.75,569323.39,1251410.26,2282865.0,16805966.0,33722759.38
91.83,577601.27,1223293.37,2269734.86,16863573.06,33816184.34
91.92,529023.14,1200518.33,2273164.94,16984403.0,34069777.65
92.0,531746.05,1205437.22,2263935.89,17078390.03,34145907.7
92.08,528017.07,1215936.92,2261146.3,17105980.18,34383898.34
92.17,475892.96,1224056.26,2254951.43,17189686.92,34596197.15
92.25,478371.77,1237063.14,2261038.32,17245624.7,34622810.21
92.33,475421.07,1256813.71,2269863.29,17367336.84,34825338.33
92.42,482198.39,1264049.03,2288765.02,17420749.25,34979672.21
92.5,492328.55,1249415.23,2286669.96,17445446.15,35224745.28
92.58,492073.88,1250686.12,2274671.33,17486356.0,35330382.9
92.67,505907.69,1250335.58,2263831.34,17655518.08,35488398.67
92.75,493327.42,1255069.17,2275672.85,17738352.23,35767472.7
92.83,496709.04,1257036.36,2261042.31,17771657.46,35842375.19
92.92,480817.17,1251310.8,2256231.08,17808652.17,35925166.08
93.0,478172.21,1258303.86,2257133.43,17799067.8,36145681.34
93.08,501736.28,1267247.26,2286455.14,17938310.73,36349783.54
93.17,510654.56,1247653.57,2266127.62,17980328.42,36492176.54
93.25,509539.5,1264519.36,2277449.24,17991988.69,36516204.72
93.33,478683.72,1250198.89,2262979.26,18079426.75,36560504.89
93.42,474375.28,1269594.48,2268639.88,18144684.9,36768595.89
93.5,487741.65,1272118.81,2263139.13,18227691.69,37030252.09
93.58,479478.59,1270759.09,2257398.35,18368557.39,37234190.69
93.67,483303.34,1250389.73,2274902.28,18430691.0,37301459.69
93.75,455921.23,1240859.32,2294519.0,18451393.03,37377436.96
93.83,475623.38,1269351.75,2287171.15,18456195.61,37554142.42
93.92,460545.25,1272817.13,2294617.83,18538867.97,37741676.41
94.0,455000.63,1269251.65,2292659.88,18618024.69,37944456.26
94.08,456146.34,1263291.74,2295634.16,18652000.97,38222616.43
94.17,447187.95,1258654.56,2292103.72,18717566.52,38614964.36
94.25,457186.14,1269753.49,2300415.25,18915301.96,38892023.15
94.33,453510.14,1259478.8,2311166.42,18929274.23,39004163.95
94.42,437909.23,1258018.22,2351085.42,19066912.52,39019846.17
94.5,433232.16,1249968.04,2346244.72,19141577.87,39199590.05
94.58,434608.84,1216584.39,2340613.8,19206809.92,39469369.41
94.67,435477.08,1234637.04,2341763.2,19223395.9,39541038.39
94.75,430490.2,1231402.3,2365636.09,19419369.84,39798023.88
94.83,430712.68,1243068.29,2365964.87,19516751.72,39847907.55
94.92,422016.63,1240001.76,2354648.62,19505453.15,39997191.58
95.0,421059.06,1245911.45,2375072.17,19616274.2,40146983.67
95.08,406518.1,1247345.44,2369487.23,19688868.25,40174020.63
95.17,414374.63,1246888.49,2391125.51,19754126.93,40248564.05
95.25,419694.91,1247028.64,2386066.98,19777327.2,40371439.81
95.33,410906.74,1250451.51,2413905.02,19854176.4,40772908.77
95.42,408623.48,1240666.84,2437848.3,19897873.62,40748130.72
95.5,411253.85,1241895.87,2430412.85,20045139.29,40924765.76
95.58,427926.16,1267107.09,2446203.84,20141383.15,41070572.62
95.67,406393.18,1242812.48,2414138.97,20207920.4,41132098.43
95.75,406265.63,1237928.39,2412355.89,20254365.93,41702062.96
95.83,392223.78,1249482.99,2437409.77,20341995.26,41738662.38
95.92,404759.11,1255939.05,2409438.03,20528422.57,41987793.94
96.0,399605.5,1241628.37,2432526.6,20548627.73,42120914.03
96.08,387499.78,1241483.79,2438405.89,20685263.1,42247233.69
96.17,385065.82,1243637.16,2442937.49,20786273.87,42273120.6
96.25,376911.66,1263180.31,2429045.61,20831217.06,42425183.4
96.33,373044.98,1234149.5,2459435.76,20879697.75,42773129.01
96.42,370437.27,1253561.92,2440628.01,20885168.65,42884616.55
96.5,374877.51,1245832.12,2421783.81,20987361.2,43119491.87
96.58,374814.61,1244572.72,2438968.25,21062697.85,43238166.44
96.67,376425.29,1257277.66,2454036.34,21091981.07,43451820.44
96.75,371279.51,1235905.76,2433160.66,21162612.74,43930525.73
96.83,378111.37,1253899.96,2441714.19,21273150.15,43822278.99
96.92,384331.82,1258827.28,2451619.62,21327113.14,44140952.34
97.0,377870.46,1267228.42,2472088.95,21382727.31,44350475.98
97.08,366626.26,1291872.64,2495704.98,21569513.12,44644757.68
97.17,369821.87,1294357.73,2501407.8,21550522.17,44741464.3
97.25,367903.77,1277872.13,2489484.72,21674546.92,44997423.87
97.33,365123.22,1284860.64,2466649.97,21759771.0,45312172.17
97.42,368245.64,1286065.36,2487000.84,21839820.07,45461673.79
97.5,362114.28,1273672.51,2495636.01,21853672.93,45598828.38
97.58,357197.36,1271073.39,2499512.6,21906783.44,45822393.22
97.67,362119.34,1255605.08,2481573.91,22078486.61,45853872.01
97.75,354868.15,1267317.56,2475564.38,22176739.66,46053567.76
97.83,351844.33,1269177.36,2508920.03,22256584.01,46260296.86
97.92,346726.78,1265492.67,2515433.06,22361163.07,46542591.79
98.0,348020.85,1269820.17,2495129.42,22455433.2,47037319.22
98.08,348102.03,1261406.86,2521649.3,22475706.29,47201986.85
98.17,349932.23,1241434.4,2487761.05,22621439.26,47199063.12
98.25,334736.27,1246912.12,2511275.93,22793429.65,47434584.3
98.33,335761.5,1248347.4,2516141.58,22910396.49,47506667.29
98.42,326387.01,1238320.77,2513082.95,23020654.27,47774506.29
98.5,322578.14,1255415.67,2511444.8,23129343.89,47858172.58
98.58,316595.1,1235231.7,2507889.74,23105072.29,48037361.51
98.67,320706.18,1228665.75,2516440.92,23229251.06,48368862.76
98.75,313188.36,1209592.79,2531779.66,23353184.19,48387556.54
98.83,320466.14,1213829.88,2537031.01,23442233.62,48703406.92
98.92,329540.63,1212728.77,2516042.26,23428487.17,48761193.48
99.0,322673.22,1185054.2,2498741.98,23565638.69,48997647.52
99.08,317019.94,1185017.26,2547908.51,23499561.48,49378573.18
99.17,316131.19,1177799.9,2546000.67,23646582.85,49406260.06
99.25,314422.44,1206290.58,2538500.08,23859158.84,49550851.22
99.33,309047.98,1213331.57,2521168.57,23922667.0,50037664.38
99.42,304009.52,1200137.04,2520100.61,24027107.27,50058965.02
99.5,302427.69,1206961.0,2515546.77,24146930.04,50605003.29
99.58,304449.43,1218847.18,2522489.51,24232016.93,50840449.8
99.67,298198.72,1234361.07,2544917.74,24277148.93,50892636.55
99.75,290284.16,1257542.73,2528150.1,24377565.59,51208770.5
99.83,285912.63,1257719.58,2525948.31,24453244.12,51434968.78
99.92,282094.6,1243302.76,2518799.95,24554853.11,51297652.02
